mp-baidu/app.css	a39e4ce47b4ccc12a58fbd1195ade567b880e6b1152cec839f16fa956a318d26
mp-baidu/app.js	8cab33d79ee642710f2c6e2d8de01db1aa3bdf2e3bcf9809c0fd66caf5562bb2
mp-baidu/app.json	2a0815a28f01ba70a290ba5f48ab89aa5968fd0a514fd851f5c8bf9e8065f284
mp-baidu/common/vendor.js	17896fd312cf00feec27364693cbf6b13a79188cc8add4dc5bd95ce730154a38
mp-baidu/components/WeappTailwindcss.js	4b2b544153d687aa312e36c65602c38e1d4461e445948f6485bcefb17c37eadf
mp-baidu/components/WeappTailwindcss.json	6e72dadc3680e796aee6cd518838aed27738a42c14bf6b1e9a9067044115c815
mp-baidu/components/WeappTailwindcss.swan	603dad8fac217825cabc505b6ba1db4cd866f29736a13060c31809698998d73a
mp-baidu/components/sections/CapabilityShowcase.js	ea1a326faf661cecad6508f84d5296cdb313bce4bcf11dcc91d5c1af668b2f01
mp-baidu/components/sections/CapabilityShowcase.json	6e72dadc3680e796aee6cd518838aed27738a42c14bf6b1e9a9067044115c815
mp-baidu/components/sections/CapabilityShowcase.swan	83bdbbea87adc378a107b4c2e856fd7d64c8ec8782236f05d6d52459ba89d6c1
mp-baidu/components/sections/ExperienceLab.css	efaed12ea80a0ebc7294b3641b8aaf80f3bb55d218ccb7a522616b50a5a0dec9
mp-baidu/components/sections/ExperienceLab.js	c572a8b5d78c32e62dfd9b53f4ed559b77a5e1e92a95d4a0f07386cfccb89417
mp-baidu/components/sections/ExperienceLab.json	6e72dadc3680e796aee6cd518838aed27738a42c14bf6b1e9a9067044115c815
mp-baidu/components/sections/ExperienceLab.swan	7cba7f2a091f574be3e06b08fedead1b24af18ccc3879f7a6c613844b15f0112
mp-baidu/components/sections/GradientFeature.js	729021cb350d2818d4c4b4a0e6a402dc760649fdd7655b47b4908d4076f56ae6
mp-baidu/components/sections/GradientFeature.json	6e72dadc3680e796aee6cd518838aed27738a42c14bf6b1e9a9067044115c815
mp-baidu/components/sections/GradientFeature.swan	b0b26f590fbe9194aac5cbc5d2aeb0bb468faef5068ab8217b11b10d8150b44d
mp-baidu/components/sections/HeroShowcase.js	0a6c43f21d548140ce0392664f110ae8b2d37ea7489759776b0c24dbce13aa95
mp-baidu/components/sections/HeroShowcase.json	6148e81f5414f455ad4ccef94a4e1aa73ec523d3afbca1540cb65c7ec2f57358
mp-baidu/components/sections/HeroShowcase.swan	a5df1713707a722d00ddbca9d9e299977d650e115d2f9388e4f5115d8a1a6187
mp-baidu/components/sections/IconGallery.js	0afd1ed73c71663df85f74d2bd5e5c72a5c09a39d68450c9a5d24fb4f1092be8
mp-baidu/components/sections/IconGallery.json	6e72dadc3680e796aee6cd518838aed27738a42c14bf6b1e9a9067044115c815
mp-baidu/components/sections/IconGallery.swan	3f74e2406d4dfd629ff63e380834e7700be1752473d1d082d1bdf40d06c3c467
mp-baidu/components/sections/MacroShowcase.css	40bc75fa261a372b0dbf2af4d1414b8aab5f33f18ba78fca8aebe10fe028aa46
mp-baidu/components/sections/MacroShowcase.js	7538b2d8e1ab9d2c640818db64686162253710cff5a56bd43b71bacbb42a3e22
mp-baidu/components/sections/MacroShowcase.json	6e72dadc3680e796aee6cd518838aed27738a42c14bf6b1e9a9067044115c815
mp-baidu/components/sections/MacroShowcase.swan	ecb0ad10177afdf771383af45c78cd4e63919eab26155594e749de0089d38af1
mp-baidu/pages/index/index.js	b676bd5233fce59d4bf0b64a67269a427afb0962f33804888ea87262fc22ca1f
mp-baidu/pages/index/index.json	c3176e787e661516c0658d310ee83ac797e6a4090e2b1ae3b2530e3b6c492af7
mp-baidu/pages/index/index.swan	4bbcbbef43fccda9868ca50c23ef11c5e8b8ddf2697f24936ed848ea353a6b58
mp-baidu/project.swan.json	2a274567c88fd8070d4510abdfa3786fa69c2c6612a51c7b3a74efe828f78c1e
mp-baidu/static/.gitkeep	e3b0c44298fc1c149afbf4c8996fb92427ae41e4649b934ca495991b7852b855
mp-baidu/stores/counter.js	66cd995eab8b7b2759ad618bf240b98086bfbb55a2d50c6b6135be6e602f2074
