mp-kuaishou/app.css	b4e4ac161feac688597cb5787bd8281f0b699d26e512b291c7214421e9b1fb6e
mp-kuaishou/app.js	8cab33d79ee642710f2c6e2d8de01db1aa3bdf2e3bcf9809c0fd66caf5562bb2
mp-kuaishou/app.json	2a0815a28f01ba70a290ba5f48ab89aa5968fd0a514fd851f5c8bf9e8065f284
mp-kuaishou/common/vendor.js	fd80605338d1ac9dad12354ad4266a877c6b0f11a1059cf37b51bf996dc9d583
mp-kuaishou/components/WeappTailwindcss.js	132c65d973be3660659665e511eb63eebe795e488ab8528595e65f47314c0cce
mp-kuaishou/components/WeappTailwindcss.json	6e72dadc3680e796aee6cd518838aed27738a42c14bf6b1e9a9067044115c815
mp-kuaishou/components/WeappTailwindcss.ksml	603dad8fac217825cabc505b6ba1db4cd866f29736a13060c31809698998d73a
mp-kuaishou/components/sections/CapabilityShowcase.js	2b02d935304100d3299e1d45f283587621003b3546c19e7ec1f39c640bf76fe0
mp-kuaishou/components/sections/CapabilityShowcase.json	6e72dadc3680e796aee6cd518838aed27738a42c14bf6b1e9a9067044115c815
mp-kuaishou/components/sections/CapabilityShowcase.ksml	8ff91e0bf0f503c1eb9072aa08934e7c3d637c0df3ae83443c4330470d5a4ed0
mp-kuaishou/components/sections/ExperienceLab.css	efaed12ea80a0ebc7294b3641b8aaf80f3bb55d218ccb7a522616b50a5a0dec9
mp-kuaishou/components/sections/ExperienceLab.js	b9e3dc0f0f4be085821bdc72d957f434100822644b6aae8882b63383044b54af
mp-kuaishou/components/sections/ExperienceLab.json	6e72dadc3680e796aee6cd518838aed27738a42c14bf6b1e9a9067044115c815
mp-kuaishou/components/sections/ExperienceLab.ksml	82ed8a043206c647bc9287690dae35132d8a10c981c065fdfea012d718054707
mp-kuaishou/components/sections/GradientFeature.js	d13915b4de1287f6b488b7a57149449be9cd5d285146dd8bab4113f9b217bfef
mp-kuaishou/components/sections/GradientFeature.json	6e72dadc3680e796aee6cd518838aed27738a42c14bf6b1e9a9067044115c815
mp-kuaishou/components/sections/GradientFeature.ksml	b0493a16d881b861f6f28c8533a6d02b91b5a8dd7a2bd2af154afd19ab12a1b8
mp-kuaishou/components/sections/HeroShowcase.js	7b49a99bcbf079730e7c25d7eb3e81964de04a55f1a1e81a3e1f70e6d523ec90
mp-kuaishou/components/sections/HeroShowcase.json	6148e81f5414f455ad4ccef94a4e1aa73ec523d3afbca1540cb65c7ec2f57358
mp-kuaishou/components/sections/HeroShowcase.ksml	5145cdd5b8480660a4e4acc3da144e789b0744e832ae2a6747234ac1f8eb86c2
mp-kuaishou/components/sections/IconGallery.js	f7bd91a2bfe36cb687631afa792052f34fe88960ce43da73092292fea8abe087
mp-kuaishou/components/sections/IconGallery.json	6e72dadc3680e796aee6cd518838aed27738a42c14bf6b1e9a9067044115c815
mp-kuaishou/components/sections/IconGallery.ksml	5e635993fb1218d3fc5d94cb4629d0e7e623423059f6a27494f402318364cfd4
mp-kuaishou/components/sections/MacroShowcase.css	40bc75fa261a372b0dbf2af4d1414b8aab5f33f18ba78fca8aebe10fe028aa46
mp-kuaishou/components/sections/MacroShowcase.js	278832f73aef2f6b513bed0231ec377eb0b86e319866b46c375eed17513da3eb
mp-kuaishou/components/sections/MacroShowcase.json	6e72dadc3680e796aee6cd518838aed27738a42c14bf6b1e9a9067044115c815
mp-kuaishou/components/sections/MacroShowcase.ksml	ecb0ad10177afdf771383af45c78cd4e63919eab26155594e749de0089d38af1
mp-kuaishou/pages/index/index.js	6a555cae0819ffb504f627731f5a9fb228a13ddcbd7fa2d547756a73fe700448
mp-kuaishou/pages/index/index.json	37317d84575d103c786db87000a64a7e90f678b3596c3fd42297abc98677df1b
mp-kuaishou/pages/index/index.ksml	07d75f7c8cf1092a4f16db710b15ce340617cc2e92a2b039414306ba7135f381
mp-kuaishou/project.config.json	b9a380cad66400e9fa31db93f41de55ac1bcec932c73f18d7cdaed28e1aac2d8
mp-kuaishou/static/.gitkeep	e3b0c44298fc1c149afbf4c8996fb92427ae41e4649b934ca495991b7852b855
mp-kuaishou/stores/counter.js	66cd995eab8b7b2759ad618bf240b98086bfbb55a2d50c6b6135be6e602f2074
