mp-alipay/app.acss	64b6857420141bd0a548f13d9e6f785b20a8e5f99b721aec514136b2b54ee700
mp-alipay/app.js	541c75fa88d80d43ad78eb2f42d1ddd7ba864feb1b8e23614ed6febc128d6e83
mp-alipay/app.json	7c22f2c492b6a26eabacf58de41fbaf20ebf22ab91aa3cda1bed65ae48348f8e
mp-alipay/common/vendor.js	cc9f8deeb01337ee875cbcd91962aed2ad18e037a2d6894eb34f9e20788911ac
mp-alipay/components/WeappTailwindcss.axml	9fe690e8cc27fc10c1d3458fe450c5a081f254b911a8e5c093133598593c91d2
mp-alipay/components/WeappTailwindcss.js	3cbe863ad155a5ae8d828ec0b9fab20a8884c5e29ac0643eee4102249b84ebff
mp-alipay/components/WeappTailwindcss.json	2be1cb9eb70895d73e1ad895b109238087c8bf90c35fbe6aad163680c51af520
mp-alipay/components/sections/CapabilityShowcase.axml	d25786a34ee09c59888b3a0590d1170333b99cf252fe6135bf5d889e261499d9
mp-alipay/components/sections/CapabilityShowcase.js	9740b1fc5b5b7b4237086abada9844a92096f06cb3e41a28460dce70fff71f1c
mp-alipay/components/sections/CapabilityShowcase.json	2be1cb9eb70895d73e1ad895b109238087c8bf90c35fbe6aad163680c51af520
mp-alipay/components/sections/ExperienceLab.acss	9a3efcb0fe4b4d177b18f071562df7441b2d7919d9381d4ffa67225eacc4b0ce
mp-alipay/components/sections/ExperienceLab.axml	bbae33cc89d222e7dcd9998649a7eeaa49ce1b90a10bd7d2d849a2b911913847
mp-alipay/components/sections/ExperienceLab.js	dca52dce07275cd08d6c08e6e7a9571840cfb223c7ea67c2f37833ae9065e78b
mp-alipay/components/sections/ExperienceLab.json	2be1cb9eb70895d73e1ad895b109238087c8bf90c35fbe6aad163680c51af520
mp-alipay/components/sections/GradientFeature.axml	b32a6e37bd28925da80201bc3ccc0c36db44ec0fc461c3a18e793f7eddad02eb
mp-alipay/components/sections/GradientFeature.js	8531e5c5a3cdc04cfa2a271faf568f6e13459db6047733656bb12f6cc54ba6e6
mp-alipay/components/sections/GradientFeature.json	2be1cb9eb70895d73e1ad895b109238087c8bf90c35fbe6aad163680c51af520
mp-alipay/components/sections/HeroShowcase.axml	86ba5fa625ff0572b25128afdc86d3e4e915cf15cc5055780d135a2f3e68bc6b
mp-alipay/components/sections/HeroShowcase.js	aef54be58327df8bf8003be866497c5935abecdf9ac3c0267025b39fc443b546
mp-alipay/components/sections/HeroShowcase.json	0ee40c82d4597d6222f96df469878a6576d3e9a804f5983a42959e1a7c471c8f
mp-alipay/components/sections/IconGallery.axml	26df92298d987cebcbe6e3bf5197993aea9164c417fab0f96b542b7c7c68451e
mp-alipay/components/sections/IconGallery.js	27b4fda1e558bf719b3095c47db93a7fb9bad17c63538564828bcf5da3882dfe
mp-alipay/components/sections/IconGallery.json	2be1cb9eb70895d73e1ad895b109238087c8bf90c35fbe6aad163680c51af520
mp-alipay/components/sections/MacroShowcase.acss	833c6454a2bac6bc277d621fe71d06a1940d71984e4e87cc64dc57a0c2e490e0
mp-alipay/components/sections/MacroShowcase.axml	cc46f7f85366faf1a5ee8391ce69e7012519058e8450d459ffabe2095992e9ac
mp-alipay/components/sections/MacroShowcase.js	22b854dd6ca99388dd1791afe42a30364fa8c5821a67026f521a9e62f6144e19
mp-alipay/components/sections/MacroShowcase.json	2be1cb9eb70895d73e1ad895b109238087c8bf90c35fbe6aad163680c51af520
mp-alipay/mini.project.json	ccf06f85f0ec0fee6835a4c79e97f40298095291dfdb8440339cb7fe4734ef9f
mp-alipay/pages/index/index.axml	9aee4022bd531ecfdbd663f4fbd388f29ba2f6e35159749042e5e2804ff5a487
mp-alipay/pages/index/index.js	f66e954698d5937a7deaf449dd0b576644648c62c1f0a450730fea2719853134
mp-alipay/pages/index/index.json	314d10fb8508049207f4310813222aec00e98c7c8426a1961a314a4840b37bcf
mp-alipay/static/.gitkeep	e3b0c44298fc1c149afbf4c8996fb92427ae41e4649b934ca495991b7852b855
mp-alipay/stores/counter.js	7b92252dbc44d7875d600550bf2135868df0d930287e2dd2049ab9c81b018a2c
