mp-lark/app.js	8cab33d79ee642710f2c6e2d8de01db1aa3bdf2e3bcf9809c0fd66caf5562bb2
mp-lark/app.json	a51fff44df6761d07541709fb0138b43abdc0b3777f72d2687995b95e9236b7b
mp-lark/app.ttss	3ff3f06550db3a7f85763c31a7a4cb7e803825d1454f723b485c8429ff00df04
mp-lark/common/vendor.js	02b7a04fb595d4c94398adfccaba241a7c9ac98759523aa8742eebb0e2a595aa
mp-lark/components/WeappTailwindcss.js	796d880e5e0abf42c699c14e28180c3e82cd1bd50deaa7b632cdd6314268e773
mp-lark/components/WeappTailwindcss.json	6e72dadc3680e796aee6cd518838aed27738a42c14bf6b1e9a9067044115c815
mp-lark/components/WeappTailwindcss.ttml	603dad8fac217825cabc505b6ba1db4cd866f29736a13060c31809698998d73a
mp-lark/components/sections/CapabilityShowcase.js	f2c570eb7598d6f8cc69769362c36487b2c0e2a69f23072d48d819e7276e1adc
mp-lark/components/sections/CapabilityShowcase.json	6e72dadc3680e796aee6cd518838aed27738a42c14bf6b1e9a9067044115c815
mp-lark/components/sections/CapabilityShowcase.ttml	7b258e7c95de98ace164a6713789cef2b6718ab8c5752d010c178701c72da7f0
mp-lark/components/sections/ExperienceLab.js	ca4282d7b935d124984821d5381de791539168fbd8da41ff24d9b16b506fdcf4
mp-lark/components/sections/ExperienceLab.json	6e72dadc3680e796aee6cd518838aed27738a42c14bf6b1e9a9067044115c815
mp-lark/components/sections/ExperienceLab.ttml	2238b4bd25c077b5ea9a870d89e7da830180ceaaaf0c6a3aec119691f2151dca
mp-lark/components/sections/ExperienceLab.ttss	9a3efcb0fe4b4d177b18f071562df7441b2d7919d9381d4ffa67225eacc4b0ce
mp-lark/components/sections/GradientFeature.js	9c538fd75faa88fda1a963ab4586672df6d6e40300296bf4b92c5ad515476594
mp-lark/components/sections/GradientFeature.json	6e72dadc3680e796aee6cd518838aed27738a42c14bf6b1e9a9067044115c815
mp-lark/components/sections/GradientFeature.ttml	a79d51ba60455581f256564269528dbbc74d0ed8afb2d97ac7c965d92fcf868f
mp-lark/components/sections/HeroShowcase.js	7bfe84916bfa00a93f3fddf31c9a5435eb9be1b974ff7ad490068a809c0274a3
mp-lark/components/sections/HeroShowcase.json	6148e81f5414f455ad4ccef94a4e1aa73ec523d3afbca1540cb65c7ec2f57358
mp-lark/components/sections/HeroShowcase.ttml	5145cdd5b8480660a4e4acc3da144e789b0744e832ae2a6747234ac1f8eb86c2
mp-lark/components/sections/IconGallery.js	1097adb8f9524d1ba8ad0df509e28e7dac3e779313cbee9918237d8d7bd7f187
mp-lark/components/sections/IconGallery.json	6e72dadc3680e796aee6cd518838aed27738a42c14bf6b1e9a9067044115c815
mp-lark/components/sections/IconGallery.ttml	37c61b14db9a4e3378f874c2c847a2e1f58b8641368cd5a895e8ff1dd4515b24
mp-lark/components/sections/MacroShowcase.js	97515d7494954679531a181909a6d26401b2628f0eeacb5cce5dab183f4ddd8e
mp-lark/components/sections/MacroShowcase.json	6e72dadc3680e796aee6cd518838aed27738a42c14bf6b1e9a9067044115c815
mp-lark/components/sections/MacroShowcase.ttml	ecb0ad10177afdf771383af45c78cd4e63919eab26155594e749de0089d38af1
mp-lark/components/sections/MacroShowcase.ttss	833c6454a2bac6bc277d621fe71d06a1940d71984e4e87cc64dc57a0c2e490e0
mp-lark/pages/index/index.js	7d80b21e80940325999a93effbca8dfacde60a152a78cb89811a689bed94306e
mp-lark/pages/index/index.json	37317d84575d103c786db87000a64a7e90f678b3596c3fd42297abc98677df1b
mp-lark/pages/index/index.ttml	07d75f7c8cf1092a4f16db710b15ce340617cc2e92a2b039414306ba7135f381
mp-lark/project.config.json	29985fa4a853778978a78e79a49e1fa7f81fac1d4774a577412323d8e7443608
mp-lark/static/.gitkeep	e3b0c44298fc1c149afbf4c8996fb92427ae41e4649b934ca495991b7852b855
mp-lark/stores/counter.js	66cd995eab8b7b2759ad618bf240b98086bfbb55a2d50c6b6135be6e602f2074
mp-lark/theme.json	788bcd370d49483af071467ae9ad6ff0831f13fad5f90046486579178e1dbfc1
