mp-qq/app.js	8cab33d79ee642710f2c6e2d8de01db1aa3bdf2e3bcf9809c0fd66caf5562bb2
mp-qq/app.json	da02d2e4fc11ccdf4ac7f71bc65f1bf62aa74a76bc9f1eb77f845b86f2bcd295
mp-qq/app.qss	cd9f72c15b6f68b17d51fb82e6e9c5ba2ee273929619102463b8382807a649ba
mp-qq/common/vendor.js	3f7bb4679739b1c0ef22de20161b6f91c0dd6a68349714c57deb62614ef37209
mp-qq/components/WeappTailwindcss.js	5c8c60f83ebca7a68eef592ba3bfe98f9b04c9a80ff478190dfe0b7ec40ede44
mp-qq/components/WeappTailwindcss.json	6e72dadc3680e796aee6cd518838aed27738a42c14bf6b1e9a9067044115c815
mp-qq/components/WeappTailwindcss.qml	603dad8fac217825cabc505b6ba1db4cd866f29736a13060c31809698998d73a
mp-qq/components/sections/CapabilityShowcase.js	d48c5dde8c11fff22888e16480fbe69785c6eea3cecd0ca3adee45e2f7ed02c6
mp-qq/components/sections/CapabilityShowcase.json	6e72dadc3680e796aee6cd518838aed27738a42c14bf6b1e9a9067044115c815
mp-qq/components/sections/CapabilityShowcase.qml	b4093ae90743b456a84b41bd1d2ce5227683ef784ca3d7ebd71adee0d03e60d9
mp-qq/components/sections/ExperienceLab.js	f7728ec4c396beb506900eabe57445f2b242cec3dca8b98423ec270fa9d043eb
mp-qq/components/sections/ExperienceLab.json	6e72dadc3680e796aee6cd518838aed27738a42c14bf6b1e9a9067044115c815
mp-qq/components/sections/ExperienceLab.qml	9e79f5887195e93b295c5853ba748714acfa80e154458505e35e5ab9b09b01cf
mp-qq/components/sections/ExperienceLab.qss	9a3efcb0fe4b4d177b18f071562df7441b2d7919d9381d4ffa67225eacc4b0ce
mp-qq/components/sections/GradientFeature.js	bbbeec3401ce569075c3763bd08fa8cc1c4bb7cc9d123cd31f396a7cf399ffb5
mp-qq/components/sections/GradientFeature.json	6e72dadc3680e796aee6cd518838aed27738a42c14bf6b1e9a9067044115c815
mp-qq/components/sections/GradientFeature.qml	4eee9318e8498c3307bd839cdd6988ed2d4818135fbdf459d04511407be7abbc
mp-qq/components/sections/HeroShowcase.js	8c9cea1c04fbc6a510358e9fe6af4e9d2ce218c11ae8cdcb53b1064a9190f187
mp-qq/components/sections/HeroShowcase.json	6148e81f5414f455ad4ccef94a4e1aa73ec523d3afbca1540cb65c7ec2f57358
mp-qq/components/sections/HeroShowcase.qml	5145cdd5b8480660a4e4acc3da144e789b0744e832ae2a6747234ac1f8eb86c2
mp-qq/components/sections/IconGallery.js	2c59067bb8f298677fdb2048cd4dd7403fc513be8f73884d5a1e48d9c31308da
mp-qq/components/sections/IconGallery.json	6e72dadc3680e796aee6cd518838aed27738a42c14bf6b1e9a9067044115c815
mp-qq/components/sections/IconGallery.qml	f22f7a022bf1155976dabe9a5c2557961943fdd326dd941961e81ad4aa4f65d6
mp-qq/components/sections/MacroShowcase.js	a2fb344b7ceabf8c836d08b8e9941c2f8c4c9a14623d0aa9e266ac8bc554ed8b
mp-qq/components/sections/MacroShowcase.json	6e72dadc3680e796aee6cd518838aed27738a42c14bf6b1e9a9067044115c815
mp-qq/components/sections/MacroShowcase.qml	ecb0ad10177afdf771383af45c78cd4e63919eab26155594e749de0089d38af1
mp-qq/components/sections/MacroShowcase.qss	833c6454a2bac6bc277d621fe71d06a1940d71984e4e87cc64dc57a0c2e490e0
mp-qq/fix-2648.js	947c1d12782478d84bb113e86c65e6c9fe5b9830b85e129640e1c21352e6973e
mp-qq/fix-2648.json	5f0c700cc36dc094e14d245415390f4661d744ddd561090b64fcfcca416536db
mp-qq/fix-2648.qml	b6eb2419ec3fb23e5d6175df1da6e30e1166782cb4b4645b698a38e746f6bd9c
mp-qq/pages/index/index.js	5a870af9533675fa394f8e96c57d6edd1345e4ff26e8d1f2dee69a7e419c075b
mp-qq/pages/index/index.json	37317d84575d103c786db87000a64a7e90f678b3596c3fd42297abc98677df1b
mp-qq/pages/index/index.qml	07d75f7c8cf1092a4f16db710b15ce340617cc2e92a2b039414306ba7135f381
mp-qq/project.config.json	31c13dfa66690143a56a962a7b0893b4fa4fe2b11bbb4dfebd529146bc51f97f
mp-qq/static/.gitkeep	e3b0c44298fc1c149afbf4c8996fb92427ae41e4649b934ca495991b7852b855
mp-qq/stores/counter.js	66cd995eab8b7b2759ad618bf240b98086bfbb55a2d50c6b6135be6e602f2074
