mp-toutiao/app.js	8cab33d79ee642710f2c6e2d8de01db1aa3bdf2e3bcf9809c0fd66caf5562bb2
mp-toutiao/app.json	2a0815a28f01ba70a290ba5f48ab89aa5968fd0a514fd851f5c8bf9e8065f284
mp-toutiao/app.ttss	31b6f16abb28e0de338228bd1488d0486cac8f0c4153d930c6440d6e3bc301c4
mp-toutiao/common/vendor.js	91e07bcb0d747a5af422c60f93f02449a6ded024575d1729a2442a24a33f8bb8
mp-toutiao/components/WeappTailwindcss.js	e7f939e59d4605ae0d65f81f8f01f3e0f8940554a47d2193bf86d61f6aa86eb1
mp-toutiao/components/WeappTailwindcss.json	6e72dadc3680e796aee6cd518838aed27738a42c14bf6b1e9a9067044115c815
mp-toutiao/components/WeappTailwindcss.ttml	603dad8fac217825cabc505b6ba1db4cd866f29736a13060c31809698998d73a
mp-toutiao/components/sections/CapabilityShowcase.js	f2c570eb7598d6f8cc69769362c36487b2c0e2a69f23072d48d819e7276e1adc
mp-toutiao/components/sections/CapabilityShowcase.json	6e72dadc3680e796aee6cd518838aed27738a42c14bf6b1e9a9067044115c815
mp-toutiao/components/sections/CapabilityShowcase.ttml	7b258e7c95de98ace164a6713789cef2b6718ab8c5752d010c178701c72da7f0
mp-toutiao/components/sections/ExperienceLab.js	1b6cfbf676821e7591e27cf7b12e425da61161c9c6aaa4c71c56b21d6fea72c0
mp-toutiao/components/sections/ExperienceLab.json	6e72dadc3680e796aee6cd518838aed27738a42c14bf6b1e9a9067044115c815
mp-toutiao/components/sections/ExperienceLab.ttml	2238b4bd25c077b5ea9a870d89e7da830180ceaaaf0c6a3aec119691f2151dca
mp-toutiao/components/sections/ExperienceLab.ttss	9a3efcb0fe4b4d177b18f071562df7441b2d7919d9381d4ffa67225eacc4b0ce
mp-toutiao/components/sections/GradientFeature.js	9c538fd75faa88fda1a963ab4586672df6d6e40300296bf4b92c5ad515476594
mp-toutiao/components/sections/GradientFeature.json	6e72dadc3680e796aee6cd518838aed27738a42c14bf6b1e9a9067044115c815
mp-toutiao/components/sections/GradientFeature.ttml	a79d51ba60455581f256564269528dbbc74d0ed8afb2d97ac7c965d92fcf868f
mp-toutiao/components/sections/HeroShowcase.js	7bfe84916bfa00a93f3fddf31c9a5435eb9be1b974ff7ad490068a809c0274a3
mp-toutiao/components/sections/HeroShowcase.json	6148e81f5414f455ad4ccef94a4e1aa73ec523d3afbca1540cb65c7ec2f57358
mp-toutiao/components/sections/HeroShowcase.ttml	5145cdd5b8480660a4e4acc3da144e789b0744e832ae2a6747234ac1f8eb86c2
mp-toutiao/components/sections/IconGallery.js	1097adb8f9524d1ba8ad0df509e28e7dac3e779313cbee9918237d8d7bd7f187
mp-toutiao/components/sections/IconGallery.json	6e72dadc3680e796aee6cd518838aed27738a42c14bf6b1e9a9067044115c815
mp-toutiao/components/sections/IconGallery.ttml	37c61b14db9a4e3378f874c2c847a2e1f58b8641368cd5a895e8ff1dd4515b24
mp-toutiao/components/sections/MacroShowcase.js	2d2c5f67fd4bdeaf4ce40b51e2ce49879ff2e434bc8bcbfc1b90b67196f039c3
mp-toutiao/components/sections/MacroShowcase.json	6e72dadc3680e796aee6cd518838aed27738a42c14bf6b1e9a9067044115c815
mp-toutiao/components/sections/MacroShowcase.ttml	ecb0ad10177afdf771383af45c78cd4e63919eab26155594e749de0089d38af1
mp-toutiao/components/sections/MacroShowcase.ttss	833c6454a2bac6bc277d621fe71d06a1940d71984e4e87cc64dc57a0c2e490e0
mp-toutiao/pages/index/index.js	7d80b21e80940325999a93effbca8dfacde60a152a78cb89811a689bed94306e
mp-toutiao/pages/index/index.json	37317d84575d103c786db87000a64a7e90f678b3596c3fd42297abc98677df1b
mp-toutiao/pages/index/index.ttml	07d75f7c8cf1092a4f16db710b15ce340617cc2e92a2b039414306ba7135f381
mp-toutiao/project.config.json	29985fa4a853778978a78e79a49e1fa7f81fac1d4774a577412323d8e7443608
mp-toutiao/static/.gitkeep	e3b0c44298fc1c149afbf4c8996fb92427ae41e4649b934ca495991b7852b855
mp-toutiao/stores/counter.js	66cd995eab8b7b2759ad618bf240b98086bfbb55a2d50c6b6135be6e602f2074
