mp-weixin/app.js	8cab33d79ee642710f2c6e2d8de01db1aa3bdf2e3bcf9809c0fd66caf5562bb2
mp-weixin/app.json	1c309835deb8afdc5694f555c71802f0b2b2076f03d5c29442039368f88c95d6
mp-weixin/app.wxss	927e1461fa85f3811e16bddc1220968a5b72174fd2f73a27c85ac41530bf49a7
mp-weixin/common/vendor.js	09c85a06a10cfe820a71c23bf875f74e443888815bb8e2ae60948ba7e9e19900
mp-weixin/components/WeappTailwindcss.js	96c73805140b2c8aafb0d8dde495e0a4fd42cec86869d02805321bfdc8ae2eb3
mp-weixin/components/WeappTailwindcss.json	6e72dadc3680e796aee6cd518838aed27738a42c14bf6b1e9a9067044115c815
mp-weixin/components/WeappTailwindcss.wxml	603dad8fac217825cabc505b6ba1db4cd866f29736a13060c31809698998d73a
mp-weixin/components/sections/CapabilityShowcase.js	f51762bacea66c4660bb552b1bec039eeec1b808ab11cb0d816792ec4a33a4b4
mp-weixin/components/sections/CapabilityShowcase.json	6e72dadc3680e796aee6cd518838aed27738a42c14bf6b1e9a9067044115c815
mp-weixin/components/sections/CapabilityShowcase.wxml	f866e5207cd8944ba00a2051146ab33b83242056b4a05bab62c6c726ff7a01a8
mp-weixin/components/sections/ExperienceLab.js	41be065e675931973cd2f167f71623e9f36fcb7811a86c742df3cc47fefd47cf
mp-weixin/components/sections/ExperienceLab.json	6e72dadc3680e796aee6cd518838aed27738a42c14bf6b1e9a9067044115c815
mp-weixin/components/sections/ExperienceLab.wxml	e00f922b1c86b8b33fbb756a19dd50d87e54483f50b64e51b06f10ebb0a72931
mp-weixin/components/sections/ExperienceLab.wxss	9a3efcb0fe4b4d177b18f071562df7441b2d7919d9381d4ffa67225eacc4b0ce
mp-weixin/components/sections/GradientFeature.js	3406817cd53a88756faa57d117017f239a558248b18d95639fed6a6be14c0462
mp-weixin/components/sections/GradientFeature.json	6e72dadc3680e796aee6cd518838aed27738a42c14bf6b1e9a9067044115c815
mp-weixin/components/sections/GradientFeature.wxml	d966a02969bf415839aa3b298fa0910dd484111e395db9727fdfdad0f5e46d96
mp-weixin/components/sections/HeroShowcase.js	fb77a0f3d7f6b6daa81730644225abf2c4a8c8956a3ba55a1255d43e444a40e5
mp-weixin/components/sections/HeroShowcase.json	6148e81f5414f455ad4ccef94a4e1aa73ec523d3afbca1540cb65c7ec2f57358
mp-weixin/components/sections/HeroShowcase.wxml	5145cdd5b8480660a4e4acc3da144e789b0744e832ae2a6747234ac1f8eb86c2
mp-weixin/components/sections/IconGallery.js	128a9ddb89d4ceddf3ce8e7bbe67fa2ff1645071b741a4e0096875944355f5ce
mp-weixin/components/sections/IconGallery.json	6e72dadc3680e796aee6cd518838aed27738a42c14bf6b1e9a9067044115c815
mp-weixin/components/sections/IconGallery.wxml	8f194ce9961638397c29e4619c8e7d1748383d81e164f1d29280b1c95a50b131
mp-weixin/components/sections/MacroShowcase.js	73e5c12722c56bc9e2d7fa845f65a293e90d61f446bfc03573fc5da828ff6e9d
mp-weixin/components/sections/MacroShowcase.json	6e72dadc3680e796aee6cd518838aed27738a42c14bf6b1e9a9067044115c815
mp-weixin/components/sections/MacroShowcase.wxml	ecb0ad10177afdf771383af45c78cd4e63919eab26155594e749de0089d38af1
mp-weixin/components/sections/MacroShowcase.wxss	833c6454a2bac6bc277d621fe71d06a1940d71984e4e87cc64dc57a0c2e490e0
mp-weixin/pages/index/index.js	17e9d55bd06a793dc2ab277504c828edc46d89a4cac3fc7ad0ac255982e4c446
mp-weixin/pages/index/index.json	37317d84575d103c786db87000a64a7e90f678b3596c3fd42297abc98677df1b
mp-weixin/pages/index/index.wxml	07d75f7c8cf1092a4f16db710b15ce340617cc2e92a2b039414306ba7135f381
mp-weixin/project.config.json	8251b3c981375589639dbfd15b2168087c24b3b44df4732c3ff233b6280b05d9
mp-weixin/static/.gitkeep	e3b0c44298fc1c149afbf4c8996fb92427ae41e4649b934ca495991b7852b855
mp-weixin/stores/counter.js	66cd995eab8b7b2759ad618bf240b98086bfbb55a2d50c6b6135be6e602f2074
mp-weixin/theme.json	788bcd370d49483af071467ae9ad6ff0831f13fad5f90046486579178e1dbfc1
