quickapp-webview/app.css	3694accb04765ddcc585864b801b9de530d5f548434ce8808c0bb823010019c4
quickapp-webview/app.js	8cab33d79ee642710f2c6e2d8de01db1aa3bdf2e3bcf9809c0fd66caf5562bb2
quickapp-webview/app.json	78a549a2e4823eafc4c7e551a0c468f4a9d94fa6791e9480763fec82259720f4
quickapp-webview/common/vendor.js	06e4f9068880d6f5a3bb9987acd91fd3cf98487cfeeb8e390171f9a9c06c40bb
quickapp-webview/components/WeappTailwindcss.js	6d2f8261a974a544c33ab517fea9ece20043d0523f14062c05f5da56eac0da00
quickapp-webview/components/WeappTailwindcss.json	6e72dadc3680e796aee6cd518838aed27738a42c14bf6b1e9a9067044115c815
quickapp-webview/components/WeappTailwindcss.qxml	55abb4aec890d142c200e522d3d31f25ce78f738338f59a162af638c56992311
quickapp-webview/components/sections/CapabilityShowcase.js	64c09cab313d03ec42ce33156f6261b0f3939da21a1637e064c7af0f0f5727b5
quickapp-webview/components/sections/CapabilityShowcase.json	6e72dadc3680e796aee6cd518838aed27738a42c14bf6b1e9a9067044115c815
quickapp-webview/components/sections/CapabilityShowcase.qxml	a56df0c38ade8bd25101777cb25085318604412da778f54fb37be81908147ff8
quickapp-webview/components/sections/ExperienceLab.css	0b4f5f0f8a565bb1e207ac2dbea54d2a08de2a8c79e53c1987db828186bf0a38
quickapp-webview/components/sections/ExperienceLab.js	d6e1c89e292bf91374ab999d8edd4c1d9e89245e1ecc3670589ac95f40d7e21f
quickapp-webview/components/sections/ExperienceLab.json	6e72dadc3680e796aee6cd518838aed27738a42c14bf6b1e9a9067044115c815
quickapp-webview/components/sections/ExperienceLab.qxml	2f5d3745a62fd0b5f94889773da6931725dd05c75515543ff19e9a8ce598840a
quickapp-webview/components/sections/GradientFeature.js	5dd126524511b4cc5db8a9943686d3e8cd9a8af21af169f049d1747e35f73063
quickapp-webview/components/sections/GradientFeature.json	6e72dadc3680e796aee6cd518838aed27738a42c14bf6b1e9a9067044115c815
quickapp-webview/components/sections/GradientFeature.qxml	2d583f40f242f124b4d1bf697ea16a864c951a997c9c03bee9787d7effb67051
quickapp-webview/components/sections/HeroShowcase.js	1e5d6d6e715c7e9bce27e2fb453e21ba9f8d648936f67b4de33f66f0098ce58f
quickapp-webview/components/sections/HeroShowcase.json	6148e81f5414f455ad4ccef94a4e1aa73ec523d3afbca1540cb65c7ec2f57358
quickapp-webview/components/sections/HeroShowcase.qxml	800a30a9b6a311e119016428755a2a8ba1b7d10625c46045680f0f87b47ac563
quickapp-webview/components/sections/IconGallery.js	32206d39555fa7f5fd49a9a9bfc1167c0a2c9bc71eccad45733838ccc5700183
quickapp-webview/components/sections/IconGallery.json	6e72dadc3680e796aee6cd518838aed27738a42c14bf6b1e9a9067044115c815
quickapp-webview/components/sections/IconGallery.qxml	3acb0359f831cd7c69ccc86eec77c4903e5474540ac3f8727adca55b3c9a7a86
quickapp-webview/components/sections/MacroShowcase.css	833c6454a2bac6bc277d621fe71d06a1940d71984e4e87cc64dc57a0c2e490e0
quickapp-webview/components/sections/MacroShowcase.js	8bc8720e25d6b53bd62ea4aab190542f3911dcf383ad8293350643ead9626f1c
quickapp-webview/components/sections/MacroShowcase.json	6e72dadc3680e796aee6cd518838aed27738a42c14bf6b1e9a9067044115c815
quickapp-webview/components/sections/MacroShowcase.qxml	fef6ef98a842461fddcd7a0f1b3c01a576f09dc68d58a5d6eeb9a88717f2bc5f
quickapp-webview/jsconfig.json	908ffb5d4b8757d497891aa3994ad4b2add2b0e7ca3c310ca8c76a19208ec387
quickapp-webview/pages/index/index.js	c803e5a705f0c9e14abe0553180ca59db2b31cbfd77e9fe96ce72f4686a3d2c7
quickapp-webview/pages/index/index.json	37317d84575d103c786db87000a64a7e90f678b3596c3fd42297abc98677df1b
quickapp-webview/pages/index/index.qxml	d61004994fac1683857212e37ddc5658c9a7d52a7ae4511a061815efa0583ad4
quickapp-webview/static/.gitkeep	e3b0c44298fc1c149afbf4c8996fb92427ae41e4649b934ca495991b7852b855
quickapp-webview/stores/counter.js	66cd995eab8b7b2759ad618bf240b98086bfbb55a2d50c6b6135be6e602f2074
