h5/client/assets/index-CWtnE9Y8.css	3b28cf66efa55cb252d69d41e106b2c58bdbe75a2bdef11485f4fc49650c745f
h5/client/assets/index-DZtmnDl_.js	238345873eb305246d02af81e83214f02162e7c6b3706ad536764edda59972c0
h5/client/assets/index-Dqn_oi78.css	cb1721d3949515e799b627508d86d3742c7f314db2fbd5b3401160d208d73ad1
h5/client/assets/pages-index-index.Cs_PACTc.js	1c3a65ab235d5b2b4001c7ac4aa1a903c5db025c2e2c3ed4ee6db25249fca348
h5/client/assets/uni.60c36011.css	60c36011959c5ec67119b81f6c2caf240f6289e458439f84001caf60f3dc1b07
h5/client/index.html	8d88decd37ee6feccd734518605571a4db7e9f8c2491c37377617db1cdf3d29b
h5/client/ssr-manifest.json	c0680b9c63773807450dbf3f80fe891e5a826948bfd51d7107f621d2c622e613
h5/client/static/.gitkeep	e3b0c44298fc1c149afbf4c8996fb92427ae41e4649b934ca495991b7852b855
h5/server/assets/pages-index-index.ByfEODfX.js	d78a347cee6bb4c5ec203f9488e420706d52f4cf4d849fedebb486a803089f11
h5/server/entry-server.js	a7dc5b84b35077b3122940a9dc38e2a5bdee55d11d10d81a9519eb3767a72d11
h5/server/index.html	8d88decd37ee6feccd734518605571a4db7e9f8c2491c37377617db1cdf3d29b
h5/server/ssr-manifest.json	c0680b9c63773807450dbf3f80fe891e5a826948bfd51d7107f621d2c622e613
